,id,screen_name,followers_count,friends_count,favourites_count
0,2399863591,HistDyplomacji,11361,680,2029
1,948255997168160768,kedlarski,575,736,18962
2,1460679334222520320,OstapinskiRafal,0,6,0
3,745348540763889666,osrodekazji,1794,385,131
4,1240798339739901952,gach_grzegorz,2,142,8
5,75271619,bodziu,6,572,275
6,1319127983484010497,SzpitalNarodowy,1572,236,245
7,1067033922045968385,KastaWatch,11070,2930,9419
8,121466300,kornatowskis,5539,584,3546
9,2669339778,Szybownik,13,434,2668
10,1165691142,HKauzik,417,1566,1894
11,704323342472503296,Tony_Szesc,390,360,14302
12,3222650762,Romanczuk_Anna,5352,1368,7337
13,65877691,iu_st,2943,3747,55865
14,1460659921293295624,MN52957531,0,7,0
15,1425358400263704579,WojciechBrzozn1,7,504,10
16,469182585,risj_oxford,53248,3493,11550
17,1092784643949191168,mp_sadlowski,1535,1043,6915
18,3296971253,Kijek_Hubert,127,1716,1634
19,1459817314967293957,SzymonWlkp,0,3,1
20,731721408838025216,zuchpl,5143,497,112238
21,1389828183667748866,ACKS_aszwoj,261,16,33
22,709821105243078656,mo_to_9,100,776,60941
23,109092256,film_org_pl,1349,223,241
24,516515725,PCh24pl,11945,606,2701
25,165202653,AHulewska,659,2195,13465
26,1460663535332171787,GalaxyxvxXvx,0,2,0
27,1010074750805315585,ciejoann,40,269,27
28,1252231448725086210,adamjakulewicz,4,277,3470
29,4632581115,RafalCymerman,989,2201,11337
30,3310575976,remizapl,11568,339,4726
31,901688665,E_Wyciszkiewicz,1740,1166,5463
32,4054185189,JanNowak2019,2097,3274,7264
33,1460663965906878472,Marzena90693981,0,4,0
34,837496914,MAKowalczyk,2649,671,22834
35,244500013,emzaku73,1347,2103,5308
36,14493047,tvn24,1498785,69,51
37,1460635069408755713,nowara_wiktoria,3,6,2
38,846248492,SFranczak,84,431,197
39,33203304,M_Piechowska,642,935,7701
40,805690918150045696,BarnabaNikodem,81,2349,3109
41,1182033067663331329,CowZdrowiu,3053,825,2939
42,1244674289267290126,sledcza24,291,614,51
43,3466130117,EpiskopatNews,29339,639,54519
44,1460505077697941508,Magda99258028,0,18,0
45,535481964,UDbrowski,27,1286,2
46,107839313,zuzannafalzmann,21952,654,4886
47,136634900,Filmweb,20985,162,140
48,1081883174328848387,DariuszRosiak,16347,58,455
49,713335235,LukaszFajferek,30,1702,93
50,993858578,Daniel_ekkk,0,968,648
51,3055958122,swiety_swiety,193,594,34065
52,2991561543,FilipCzekala,404,625,3183
53,772804761406083073,kpawlowicki,963,330,658
54,845285731,ASadecki,668,1137,1993
55,1245362013175525378,N_Milewska,13,77,1094
56,3292953659,TitoniaT,515,540,89369
57,816625461195407360,Ahmadinejad1956,139486,50,19
58,1652541,Reuters,23997501,1195,752
59,1460683352185450496,amt_OM,0,13,0
60,2611234249,laczynaskobieca,6539,188,3948
61,1460664627877101579,shxxiet,0,21,7
62,2380022263,TSniedziewski,1605,3733,40266
63,912839160,MKacewicz,2974,1017,3216
64,908707850578485248,InstPileckiego,3964,425,1661
65,3240340540,8115bb6d9af7482,8,51,847
66,2862360821,mlkedzierski,786,665,6097
67,1430686625835720718,ZielarzTom,13,92,161
68,1608554546,KKazmierczakK,2027,1158,8519
69,1323730225067339784,WhiteHouse,6123679,5,0
70,312847877,StuartHumphryes,171862,188,51547
71,4163226958,pawel_behrendt,1682,551,13309
72,1321331198866661377,MarcusPaulus7,1306,1306,23916
73,1347908727572193282,A_L_Lanina,27,46,35
74,3076811715,Adam_Burakowski,5976,1516,6017
75,434957243,janmikruta,16022,1099,4536
76,1332759076196012042,arpinow13,613,1136,1308
77,1460673919766179847,DorotaT7,0,1,0
78,1107236948,Parkietcom,19363,297,8088
79,863921083,andpradnik,1820,2498,19128
80,4529082981,XjanusJanus,1328,1955,185985
81,3759982823,konradbryczek,23,573,11506
82,1218246438204903424,AnEta86437743,3,190,171
83,1184916506917908481,GregorGrezel,146,976,4811
84,884017340878389249,Chris_Iwanek,7389,2668,1751
85,418777730,TadeuszKobylski,1056,2309,28001
86,228761598,ArturDubiel,2541,1172,23024
87,16271167,griffiths,8096,535,785
88,1460636865531371528,DayanaGrabek,0,17,0
89,25667195,bozorgmehr,17194,1105,1889
90,4294643069,s_to_r_,6,371,30
91,787937472634318848,TransINFO_news,521,385,733
92,86343155,adam_eberhardt,13772,776,1966
93,1530338982,PAPinformacje,141247,184,21
94,1308470916792360962,M_Niedosmialek,35,1123,848
95,826487295394062337,miro_kruk,1249,1295,7189
96,1460642963097366530,Krzyszt07647517,0,1,0
97,1460685184811114506,catyahs,0,23,0
98,1460633211739033608,MaJedzierowska,0,12,0
99,1291457360666472455,Jestemciekawski,13,609,514
100,2277363860,Robert_Kogga,6324,3161,5607
101,892568245,instwolnosci,3266,366,621
102,1460671712949944322,MartaKw61176129,0,1,0
103,236466533,ukrpravda_news,863756,263,467
104,1361608763095068673,BogNieZyje,916,824,64572
105,48520860,IgorJanke,49291,877,4320
106,1126342838,B_Maciejewska,7756,1499,10979
107,572378058,howanisjan,79,532,590
108,732870430005055488,mariawilczek,3545,1070,3555
109,1243802538,kazpoplawski,1166,425,1229
110,4267702655,Ada_Rozwadowska,6001,290,577
111,102700680,Davos,843199,947,13537
112,2821213427,OskarPietrewicz,2162,492,3929
113,1004270342,adam1dabrowski,867,1726,8375
114,860294922,szymonkardas,1912,1198,7789
115,777241570798100480,ZenonKwiatkows2,2088,4994,41948
116,2426148307,AUHistoryDept,612,399,28
117,1458015427943096320,Katarzyna823,0,7,3
118,1460562625763368967,Barbara59398371,0,12,0
119,1327778162453966848,PrawoDemokracja,96,1825,453
120,1460641270402060296,Beata62933544,0,5,1
121,2278363164,katkaboncikova,143,531,103
122,526098650,PLinArmenia,1586,373,670
123,1469402426,EURO2024,3080180,526,1222
124,888420859337166848,Dekra1975,669,1456,29178
125,1003708759691137024,FilipBryjka,411,1032,3721
126,16479017,AirMobilityCmd,59401,975,13844
127,2391002695,balt_security,8523,550,20278
128,839121821899304960,CezaryFaber,10007,57,657
129,1851590460,PAIH_pl,6801,852,5963
130,550065683,NCK_PL,11115,935,4045
131,292154050,krajewsky,478,275,1460
132,872451325879037953,mprochwicz,61,248,29
133,171357785,azpresident,787088,2,1
134,1248281013509410816,Marcin_Kurowsk1,317,1826,9504
135,272019676,CSIS,346534,521,1038
136,1173589218091831304,k_holubowicz,2,119,1
137,914859576,PBakalarski,390,359,3553
138,1572941023,niewygodneinfo,9365,409,39
139,1037625006770085889,tvn24CnB,8061,24,26
140,1460006244383666178,datovardosanid3,0,37,4
141,1084696694267281411,Viktor59610742,13,481,140
142,1296131204,RafalMundry,8680,212,11746
143,974354835708538880,JacekWronaCBS,29345,6858,58632
144,1122831152857911296,AFPsprawdzam,1370,47,43
145,51023770,BBCArchive,255331,7180,3025
146,25067168,euronews,480929,1110,2996
147,2180877523,wojda_michal,500,2927,125
148,818962349109428224,MaurycyRothbard,35,1112,2414
149,1393993387733360640,Mati__Rx,235,843,7516
150,943478888679780354,MJimramovsky,87,253,1815
151,3446642481,PatrycjaPendra,1926,619,8984
152,1460644266879950857,Ania515766,0,37,2
153,790989365648457732,MowimWiechem,152,221,3
154,1187694297191198721,KatarzynaWasia5,5,169,6
155,1800703562,MapPornImages,18,0,0
156,138048156,mblaszczak,138524,2988,1628
157,169416282,UNArmenia,53323,1914,970
158,146733746,v_hunanyan,6774,6564,1970
159,960494472600670214,ICGPress,252,127,12
160,1009546724,AnonOpsSE,129475,170,1947
161,3602890095,PrzemysZurawski,2802,485,26795
162,2955708029,Michal_Lubina,5005,918,2866
163,431853661,S_Matuszak,507,330,334
164,743909774752907264,SykulskiLeszek,11577,2870,6737
165,1442753779057709057,Jazow3,16,406,4525
166,1460635059199881220,Tamagot50664491,0,11,0
167,409933137,wojtek1425,3234,277,116891
168,372261212,TajudenSoroush,36458,517,3241
169,884295774082879488,ALodzinski,133,273,14359
170,1647168727,sbalcerac,11163,43,47250
171,1460678618099691525,Klara77738314,0,19,0
172,807163120041000960,baadluuck13,15,186,1399
173,1430922773812101124,dominikprzybylo,5,66,401
174,1122231810577063937,DefenseSafety,503,4212,1454
175,1441460812573331459,Puzio_P,79,528,146
176,2579268332,Vibovitsch,266,706,19715
177,31385474,mgostkiewicz,1604,2748,25689
178,1356754493413740547,Chrzescijanin__,632,4925,169
179,1528501964,BiznesAlert,13110,260,3770
180,1348017272217079810,DariaOst16,13,346,1316
181,1065861559,Formuszewicz,589,529,1242
182,3889514427,KotulaKat,8724,1488,14196
183,833342510407811073,TomashBel,8,922,81
184,837644945808850944,SylwiaGAbram,14265,329,1928
185,315977058,Maciej_Swirski,14815,2059,920
186,2209410012,MichalFuja,3953,642,1322
187,4275446535,MasarikMartin,108,393,1176
188,1460682734666489856,Ke23XCV,0,48,1
189,1007521595986935808,MivaPolska,688,1161,653
190,4810583955,AnneMPellegrino,2168,1281,13393
191,1195319327999709186,aleksandraketal,190,505,3231
192,1708266822,MTerlikowski,2093,1149,5729
193,2380566958,pudlashuk,1465,2224,63445
194,789230572589682689,psietkiewicz,42,946,5631
195,1403774805602672641,Kamolo14,0,64,2
196,2635304210,aganiock,1022,1444,92838
197,1460670554881544194,matteushaq92,0,37,2
198,1088408821456912384,PawelPaszak,1934,1179,11831
199,909768130972520448,StanisPiech,342,852,45944
200,322044736,FISskijumping,32045,84,336
201,2798754771,LukaszBok,148816,381,2415
202,3557657727,mszelag94,10,255,429
203,1460639260399308800,Dariusz08131666,0,6,0
204,83236466,beatabiel,13377,991,18557
205,67011389,DDTVN,36022,60,1137
206,1447336044442050560,Ashley03851880,27,6072,0
207,365647906,KSzczerski,49568,327,46
208,145634974,balazsrichard,1191,1229,16674
209,1956427818,MazurKrzysztof,4228,728,2861
210,884034140,fab_hinz,13473,1888,7638
211,125614796,maciejknapik,29672,831,1784
212,1305812869964009478,dawidcecuda,80,582,295
213,256487295,kowalskaac,3062,567,231
214,432408764,TraczMichal,19122,1546,5177
215,16847779,Exen,32214,2263,37945
216,3395785978,mateusz_chatys,495,980,3769
217,18949452,FT,4768797,778,37
218,986684547084554240,ACIranSource,5593,232,278
219,1333411831730343937,IZGospodarki,356,681,489
220,948122789038428160,mich_kozlowski,3178,297,67156
221,899639618789941248,jojispills,221,98,4437
222,4041968170,InaKoniec,935,1807,64260
223,824700712017920000,Antimediapl,40,465,2683
224,1429061123878359045,TomaszaKolanko1,2,66,1
225,2293604438,blognrollpl5,920,875,79744
226,1134801169669341184,KucDiaboliczny,66,709,20107
227,1048640205543100419,CStrony,1030,732,73
228,432603746,ArkadiuszLegiec,1735,722,5018
229,63029891,niebezpiecznik,76075,3,1590
230,484721319,mszpala,1174,2396,3067
231,1198969213316141063,AleksanderOlech,576,217,3322
232,269770723,ru_rbc,401697,3,39
233,758054692106665984,maksinski,1,15,7
234,3956160315,WinkDorota,334,638,37737
235,1469368092,zelazna_logika,38313,221,16096
236,82974204,polonia1911,5727,91,242
237,1460667466615508996,czarnowicka,0,98,0
238,4577246775,MJX00,108,3081,1056
239,1282121312,waitbutwhy,393654,675,1736
240,723806105751719936,WiktorSwietlik,14952,1093,13582
241,590044851,wjakobik,12793,1612,33544
242,485828885,makowski_m,42745,1493,50023
243,4833204616,prismUA,1164,509,320
244,1055882191,BM_Wisniewski,2103,982,4583
245,827817306386550784,PawelZdun,3661,623,64994
246,1288193481987555330,dziuchas,12,183,7203
247,864554093825675265,PolskieSluzby,11420,11687,30785
248,1460661335440728068,MagdalenaBartn7,0,48,0
249,39568364,tvnwarszawa,311536,20,10
250,1359374784644206592,BKrzykalska,364,4165,2940
251,1352431434078838787,Pedro70961006,131,200,15214
252,783675538200297472,b_goralczyk,7305,204,4774
253,1282971113144950785,_nkrz,10,1073,6216
254,1245974786829926401,Mirosaw45349258,1,50,98
255,2868725723,michbank,137,1675,32832
256,3921184577,AndrzejTokio,965,4326,5237
257,1036623396086407170,meme_ec,31942,206,3089
258,1317449306803261441,Kacper_aka,6,229,2468
259,709842285064802308,DT_Jankowski,338,1059,7132
260,241839214,JHaszczynski,10598,753,18532
261,419570607,makrzyz,1091,687,5937
262,1124646406701105152,grzesiowski_p,32502,339,241
263,1878432018,Adam_Doliwa,44,135,2001
264,896878499885182976,bartek_kramek,2684,2753,7878
265,1460585156897558530,kejttt92,0,24,0
266,1460650576467869696,MArszynska,0,38,0
267,879998176240992256,rick_baran,1464,151,4029
268,1228412940899975168,Kaukaz_Observer,818,762,2341
269,1139834822011084801,IMGWmeteo,23614,554,2566
270,2243760302,tugumisirizebar,316,4176,256
271,1116617966060064769,pesabydgoszcz,1023,199,619
272,783987896319614976,Capt_Navy,22991,169,24708
273,1418240108189343751,Basiam_20,15,154,230
274,1460680601380532224,Mika63247651,1,44,0
275,87679246,forsalpl,21707,642,87
276,1460634275326443531,rafalpierog1980,0,69,0
277,2354880002,PiotrSemka,70729,1168,3613
278,1459449935116570637,Wojciec03538763,1,9,0
279,825007268,PStrzalkowski,2829,4411,36338
280,919423230,starostinPL,18,385,1444
281,1459186870739472392,BarbaraPelc5,0,20,1
282,106738320,criticalthreats,20015,602,302
283,589820632,YaElusive,1682,3392,63163
284,837343332,M_Kaczmarski,1710,936,731
285,2787160109,k_jablonowski,497,761,5628
286,1124623258857480192,pukszto,665,2282,2909
287,1006779199,kennaninstitute,9451,1053,3768
288,1126177040317734912,RodmWarszawa,230,134,146
289,1145089310733033472,KubaBielamowicz,105,843,1566
290,2981197695,PiotrSzyman,595,781,1976
291,462195894,MiKolodziejski,1723,448,4108
292,1353653154,Herr_Apfelbaum,540,1605,16496
293,1100824461308235776,Krzyszt91891688,4,155,439
294,378578570,MarekPt,78,1033,25172
295,74769064,tweetsintheME,25331,2456,35183
296,1460662521690570760,PiotrDb44947991,0,29,0
297,1390225185610080258,abramfilip,12,514,2999
298,827564765287444480,ZoroTango,262,894,27546
299,1415139002949246976,KamCetnarowicz,58,220,4530
300,2624269105,Kruszynski_,127,308,2637
301,537138963,PLinRussia,3873,638,4384
302,1109347722170126336,FilipBukowski3,101,1470,43007
303,1269245943364431876,Luiza11713286,0,3,3
304,757676727334211585,ChudziakMa,308,514,1228
305,532121906,MFAofArmenia,82722,626,3272
306,2361086131,DobreImiePolski,11545,234,936
307,3607553536,PolitykaZdrowot,12328,1368,1431
308,1110494675335634944,K_Lubiniecka,816,369,34089
309,44731913,tomaszewskim,2939,412,16237
310,1382040850365042692,_Mrtdogg,1526,428,152
311,29721688,tarnogorski,270,421,2101
312,1458102787267497995,Mikuch43910885,0,15,0
313,1460659683316879372,mind09311,0,11,1
314,7587032,SkyNews,7374417,23,1
315,1460678590404640782,Agatad1985,0,9,0
316,548779342,szachmad,24389,3790,95714
317,362334069,MSWiA_GOV_PL,120957,752,3206
318,793404334616768512,robert_ulrich77,3684,1264,35707
319,365978429,tserwanski,404,1350,39
320,1233143166536232972,GasLeszek,257,1246,15508
321,1604242622,KubaBenedyczak,853,543,1940
322,1460672674041155591,kiniulala03,0,11,0
323,1460658581934678016,DorotaGroch,0,5,0
324,363197008,aga_kaminska,682,4441,4609
325,1930622304,TVN24BiS,114188,91,1737
326,1324053818691276806,KacperKita,3100,930,22212
327,1095103454954037248,Mariann38272999,13,712,2010
328,1460636038955773952,pawel9030,0,7,0
329,1230190880247754752,Ferenczak_,329,2210,32487
330,1460651430713376770,RadekStep,0,3,0
331,1049818310,zbyszekfy,1,171,217
332,1460568146700550152,Monka80247553,1,76,2
333,2420484505,JuliuszSabak,3612,516,12956
334,1367070178811518977,ZButrymowicz,789,765,92735
335,168207285,ciynka,833,918,264060
336,1139741071,KingaDudzinska2,1024,1700,6255
337,2979632800,RCB_RP,25798,93,387
338,1460653897014464521,KlaudiaJagiell1,0,21,0
339,1239123783920816128,soplicowo1948,5,450,2167
340,994932325422116866,PrzystanekH,3556,94,15368
341,1300760900954140672,Tomasz47264032,136,59,10273
342,344828991,AndZyberto,42655,1085,13290
343,2776583390,michaldworczyk,50061,410,6800
344,2587210938,mbank_research,20745,401,767
345,2838333376,AnetaBalcerzak,115,782,21095
346,1142852083307175937,Avanti_1989,22172,20647,50668
347,1458776214223704068,HannaKralska,1,25,91
348,3234244969,gipsretro,58,582,1119
349,1001521768228638720,SzymanekPawe,673,2132,1
350,1156960430,AGawlikowskaFyk,1946,1186,4963
351,1460663563136253957,DDulbas,0,44,4
352,801133555,WronaM,24344,241,2836
353,786606892214808576,KP_kp812,44,553,7805
354,3375830975,grzegorz_braun,20289,95,0
355,1460661126199496706,MHMMHM28134712,0,28,1
356,899954538,RGwiazdowski,99508,434,12466
357,34713362,business,7685037,1363,2436
358,16832632,MrKRudd,1563009,395265,865
359,1002481398,MarekPiskorski,116,1815,80
360,372862603,specialreports,37987,109,32
361,771085371333550080,AWidlaszewska,308,568,2087
362,2295830792,A_Kropiwiec,24,89,846
363,42626710,rafalhubert,30650,1075,137732
364,1298373791077347332,marcin01823347,5,150,610
365,754078790696009728,jmtrubilowicz,130,2124,31741
366,2400508741,LukKopanski,160,424,684
367,816861912,EU_Armenia,13586,366,1708
368,822772308339281920,kawecki_maciej,11045,152,7252
369,1460656530974519299,piotr_norasPL,0,14,1
370,1341622346956693508,SarzynskiTomasz,2,218,199
371,1460643743636369415,JakubMartinka1,0,18,0
372,1287932883416489984,ModelsWarp,1150,1553,408
373,1354417077080236032,Alicja96134799,38,818,28
374,346645622,JanisKaupers,15,825,159
375,1253021692525449216,fr_tempe,93,298,8613
376,927153246136864768,strejszon_21,38,2882,654
377,838148341615714308,BartekZnojek,368,453,1839
378,3431283700,SandraBaniak,183,480,5763
379,1460644334097813504,Novitzky_,0,34,0
380,859780125637959685,wojna_idei,11623,43,979
381,1337067847198105601,Krzyszt39186215,144,960,6638
382,897194970729336836,ASztaproy,1177,1170,47208
383,809685248929894400,SaladinAlDronni,10807,803,19237
384,1459297782628593676,NorbertWarchol,0,11,0
385,281445307,raptor2072,233,659,18086
386,1460650368329781262,JakubMuzylo,1,45,3
387,1460635374590570499,AndrzejAB1,0,1,0
388,150584701,jacekzarzecki,1750,459,14905
389,1065692233,marcin_przydacz,6317,548,2891
390,1111235469147283462,michal_czyzew,1,1100,59344
391,886925765933228033,BukowyWierch,4181,2005,46013
392,2161166076,wina_Mazurka,67909,169,3016
393,731490551888019458,BratWodza,20127,984,32819
394,1860192523,B_Cichocki,3597,646,3303
395,1013790582966226944,MorhardR,286,232,50855
396,1013611699,KMichalowski,73,839,20316
397,358136787,MON_GOV_PL,138625,656,11534
398,38134003,ErykMistewicz,38699,2333,55709
399,1447599733128695810,Borsuk781,3,155,563
400,1460671476651204615,Rusek5Rusek,0,59,0
401,1325118289673134083,WeronikaWaldon,97,677,807
402,1267098654,TVN24Newsroom,5865,15,0
403,1056932786228129792,SztabGenWP,9623,82,1960
404,1460625946499854350,JacekZelazowski,0,17,0
405,1247823998,WisconsinProj,978,445,387
406,213577055,AnnaKalczynska,43185,726,16682
407,826183279237664769,mar_watrobinski,5602,994,225578
408,893839021855694850,ScharlottaMer,195,3977,15113
409,4839389379,w_wojcik007,1285,2989,98974
410,741177384536268801,Jacek_Hecht,851,915,13853
411,3337602141,Cenckiewicz,86918,821,55190
412,2201086596,BarbaraBurdzy,4292,2318,4021
413,2450257087,walczak_mat,2595,1245,3924
414,1390775416760242179,MarPietraszek,1,60,1
415,4923120765,NZGoebbelsa,23965,508,10868
416,609081171,BacaPogorzelska,19574,3222,161303
417,365375828,IsraelinPoland,10786,775,2258
418,783749914505388037,T_Lator,65,333,8934
419,1360853556367142912,AmorcMarek,1,24,0
420,881084828187332608,tomekgajewski,39,394,678
421,280115337,mmpodgorski,914,3714,17713
422,703313117976072192,GSwiszcz,1399,218,790
423,2883024503,TMurgr,91,826,3816
424,30181014,hdagres,42931,1337,9257
425,934182724952260610,KasperKrasicki,841,685,34040
426,1460645503163584518,Rebekagoryl6666,0,6,0
427,498706052,AnnaClunes,3349,1533,776
428,1460646086855598087,MarlenaSz22,0,17,1
429,2532457735,alarm_pogodowy,16652,10,49
430,2863515755,wSensie,8489,473,1333
431,210005449,wojciechce,3384,373,2581
432,1415925738419724288,wojtek_tokarski,14,570,1374
433,1038166093,Hello_Marek,38,143,17
434,1345356631,BartekLechowski,268,914,6314
435,2803183338,tvn24rozmowa,12817,11,0
436,26792275,ForeignPolicy,1181710,938,1466
437,2400177146,CyprianJopek,1665,720,1349
438,471415514,ARomasze,21209,1064,29291
439,1460686909756293122,KurtRolson83,0,16,0
440,3004026063,mwpotocki,12296,4126,97471
441,1270683558538076160,SzymonPiasecki5,40,852,16782
442,939091,JoeBiden,31657969,48,20
443,807552114,muzzamu,4,86,7
444,1048191668002983936,PaweRomanowski4,363,888,6103
445,911150250286620673,kmpolsztyn,2196,137,2014
446,1372243091894243341,PRZMXKRL,0,75,0
447,1460657718407086089,Nina686245,0,8,0
448,1460666895259033609,LukaszM1978,0,79,0
449,795565567243653120,PawelGradek,257,1416,7312
450,1405914683299840002,PBPaszportu,963,641,690
451,1450563431921295365,Magdale48801301,0,11,0
452,1403339748,filozofmichalek,27,834,117
453,161051173,seaven92,48,425,64
454,852906367677595648,TOMAS8C,659,912,92267
455,980504802307297280,tomek_litwin,100,969,8608
456,1460669858396487686,Benio502,0,7,0
457,1086185255327973376,msklm,137,1449,4
458,36442085,M_Baranowski,3873,762,6978
459,586291040,AuschwitzMuseum,1181864,2378,40055
460,80124284,MLopezSanMartin,88811,997,31128
461,1264951945061699586,IgorJanowiak,37,619,6829
462,361782645,AgataAdamek,18626,826,1546
463,1245344546,boguszmichal,2814,676,10986
464,365033823,LAJankowski,9403,1483,20371
465,3092847414,tvn24kawa,12064,0,0
466,197703338,sjastrzebowski,48669,908,46484
467,1402149631476350977,FreeExplosion,15,191,1668
468,1112662098,TomStepniewski,264,769,861
469,592685597,Defence24pl,32088,1118,5190
470,1681324362,Unexplained,1400028,658,470
471,914866270096560128,Riekstins__M,1770,301,2075
472,1675210464,_websterrr_,224,1018,3253
473,1077516097983864832,AnnaJak1972,43,877,10788
474,1179847309540171776,KochanyPrezio,11589,258,74798
475,1374694128022388736,PChorazewska,280,960,3
476,2923041951,owackasara,190,377,1145
477,591623670,WitoldRPL,10929,580,9024
478,1457705467627679747,Etamtamtu,0,20,1
479,131932087,MichalKlosowski,2991,1238,41395
480,1460645231104253957,nikola_baranek,1,179,1
481,299131862,kasiaguzik,157,816,42
482,516839747,Marek_Rasovsky,2079,617,95288
483,1095765692933120005,WKnowska,175,893,735
484,2189898192,Gosp_Morska_pl,1581,1512,312
485,2237727690,ChopinInstitute,14866,1105,2239
486,1448417675651293185,PacygaJoanna,2,143,1
487,545231714,fundacjatvn,445,0,0
488,972072205600387072,ArturJerzy,242,418,43766
489,1065375790878081024,TadeuszGiczan,47104,789,5849
490,917055074119057409,dgpopiolek,6506,1286,7959
491,2770690362,BBieliszczuk,990,939,6850
492,1103409768,JakubTopolkuba,3,78,270
493,1724925360,LorenzWojciech,2181,596,1523
494,2376370882,FranciszekPrz,43,592,141
495,778970791874617344,joannahosa,839,607,767
496,3346646446,ArturStelmasiak,5273,1658,10177
497,1320923933781143555,Lucek86579995,356,702,49863
498,1460301501059014657,KrzysztofGsior9,2,47,0
499,553574315,pin_zielony,1464,233,9619
500,1460636219587665926,SNadzikiewicz,27,390,0
501,810612834224766976,ItsNotEasyBut,854,1622,81462
502,2801568861,CleanAuthoritie,4028,276,2
503,432016128,FeusetteK,44751,560,7926
504,4524545416,m_grodzki,4,67,5
505,1460645439074676741,Passumun,0,1,0
506,1100102758563233792,stolarczyk_p,206,1800,1393
507,150386917,SzymonSikorski,1473,1707,4543
508,1460639981073018887,U1raz,0,33,0
509,856025974735085569,Zabehulah_M33,430776,31,291
510,1039316708,BeataGWinter,7043,4769,56189
511,138473807,LindaZeilina,1047,4599,2648
512,33824245,NikolPashinyan,143093,90,3
513,194399035,rzeczpospolita,235729,651,1955
514,1430936742027317263,Sawomir47653853,12,156,337
515,2525685920,JarekKociszewsk,5562,631,12624
516,866680416,MagdaLucyan,19602,466,6967
517,81055599,PolandMFA,54980,503,2269
518,64770798,wszewko,40212,1528,20829
519,1458507811470680067,ceda04558821,0,12,0
520,2420546335,FundacjaWEI,7615,655,1079
521,1460659974691041287,PawelCichocki90,0,51,0
522,986441509,PiotrGursztyn,30837,1437,69027
523,860294447770345472,WasaczMagdalena,9,187,3879
524,817434782703435778,EwelinaKrakowi1,179,1459,2106
525,139189823,ShivAroor,1032659,380,2395
526,1301949935177400320,trojmorze_pl,3479,3203,934
527,492174111,BaranowskaKam,36784,1546,8918
528,360494868,tvn24pomorze,3544,8,6
529,1427300168593022978,polityka_krakow,61,1437,47
530,902880996479172608,jagodagrondecka,28405,1082,2667
531,1428783434567147520,archivist123456,32,639,99
532,1460668935318159369,Krzysiol87,0,18,4
533,1002308142,naukajazdy2,91,1258,2849
534,576936013,NowikMariusz,732,524,928
535,1460678457835376655,Boena25597771,0,34,3
536,180492765,Piotr_Maciazek,10158,1221,23828
537,3182403010,Mroczkowski_J,35,770,2
538,983745281576636417,mar_luniewski,1220,1725,53182
539,196994616,eucopresident,1203995,418,225
540,1008658469262675968,PoinformowaniPL,11744,2,2
541,981217243819364353,LidiaGibadlo,1201,373,2429
542,1233295702211649536,travelwithm_,419,843,4929
543,281670182,jacektacik,8633,1038,639
544,948647362590887936,JanekKos13,12,99,164
545,2387189304,kmietek14,20,596,23355
546,82345943,TomekSurdel,4818,455,1719
547,1528283694,PolitykaInsight,17984,1375,1095
548,1856758237,RafalWos,15851,524,1858
549,3380008071,JachiraKlaudia,46960,601,7317
550,1460610653480230918,MartiiWP,0,52,0
551,994678463570350081,Maciej25098415,16,167,2735
552,347228796,D_Tarczynski,79031,5761,107673
553,923690300,jparafinowicz,4,33,3
554,1893649836,HannaStaszewska,665,2478,33648
555,3450315987,QortesKoz,63,367,4321
556,778267808832614400,senor_tgod,24,462,447
557,229487828,InstytutBoyma,3589,635,3521
558,1102099311234560000,Mustafa64195665,574,4243,13
559,3342951736,AmirIGM,7369,55,4717
560,1460660527743610885,daria9624,0,17,3
561,774807734046879744,jgerberpl,133,650,2551
562,1168144700991295489,RPDPawlak,5524,2322,0
563,106816685,StankArt,21,60,17
564,123657234,MartaSamburska,63,207,422
565,77230979,wirtualnemedia,48478,747,180
566,155581880,MuzeumWP,2411,177,35
567,1460657573208731653,DoroszWioletta,0,26,0
568,41992976,m_roszkowski,4958,1471,15330
569,68405620,FilipHorky,99334,5623,42744
570,6228302,pitdesi,40038,2724,51982
571,289844560,PogorzelskiP,3355,631,2870
572,905439995653226496,konkret24,13707,116,469
573,705007580465205248,FrondaLux,308,404,211
574,1043243430934183938,lukaszgrajewski,1206,207,1046
575,1429707895084552194,PiotrGil86,59,309,203
576,350770729,MSZ_RP,129077,459,2707
577,718470902904709120,PiotrZychowicz,14765,408,5516
578,1686244038,jarek3882,14,239,1837
579,347854282,kacperkw,339,1132,5451
580,760422928190144512,TauronPE,5280,2545,3315
581,1216413781791735808,MrTorden,169,485,24051
582,2851627096,suinglol,23,339,2388
583,1524903979,BojanowskiW,15653,407,7124
584,714002151475904512,jaksliwkawkompo,45,441,3769
585,2226942115,plocienniks,1212,374,2356
586,801230767,SzymonKrawiec,1594,383,1903
587,2951057998,pyton_1974,446,1195,14214
588,777181903,AndrzejBorowiak,477,451,264
589,3434774873,negocjant,2090,676,62822
590,988573326376427520,SecPompeo,2950194,47,10
591,1171466226,RStangreciak,613,110,52
592,21149655,ArthurSchwartz,99404,183,5081
593,257195068,AleksandraEU,220,877,6315
594,127345230,JakubKrupa,34492,14664,283751
595,788548262118694913,semperkresy,1163,163,90
596,911978702107480064,ManiekBury85,980,2112,6888
597,122381382,karolprzywara,1032,2189,5429
598,1325232817,KolendaK,186077,1091,6304
599,1460668244247859200,PredkiPrzemek,0,68,0
600,834021114078777344,InstytutBiRM,1222,1088,2088
601,4056981743,M_Bonikowska,918,119,3013
602,217035335,Marszewski,493,5001,3841
603,43679569,Jef_Jazzed,163,1315,4798
604,1460683564094312456,Artur66823728,0,36,0
605,133663801,BFMTV,3180181,568,981
606,911863848398938112,DawidGoliat2010,29,76,2617
607,4319385273,AnnaZCichocka,346,1458,22610
608,1186367483546165248,GrzegorzBraun_,64908,158,1184
609,1296506938486816769,CWschodni,50,190,1048
610,2791828691,KarolinaZby,4905,5011,14284
611,1460666719542943746,Rademenes84,1,34,5
612,498317449,TomaszBielecki,7386,499,16234
613,1901089459,Anna_M_Dyner,6658,1203,30503
614,1051104158034604032,kam_aleksander,13,686,360
615,97409048,poczobut,13139,272,805
616,447003337,YaromeerNedoman,743,4902,8749
617,408448158,SUPERWIZJER_TVN,9595,244,437
618,2926123073,miwojnarowicz,1161,871,3395
619,42026908,leskiewicz,8221,1274,25590
620,27702206,edvulliamy,5225,558,1200
621,895150858496860160,Piotr88299498,1328,1295,92567
622,348453165,aga_pi,611,1154,66033
623,1460662509829070861,DorotaLeszczys2,1,3,0
624,361233603,WojciechMucha,26334,941,61583
625,968109202076991488,ThomasStearnsE,10,757,7
626,921143047718690816,MacJastrzebski,831,205,1283
627,2173906800,agata_loskot,2966,2156,31561
628,1191272690935586816,PUIG_Izba,42,123,21
629,1282404645327912960,johnknowing2,109,24,57
630,1224784828882661378,ukasz_maslanka,892,633,9387
631,1460659318731202567,cudny_maciej,0,2,0
632,81572408,franakviacorka,60747,3337,5984
633,1262267945075564549,krowaldek,6,515,82
634,1238213776933105665,GospoDyplomacja,735,1124,5205
635,4360595902,copone1dak,13753,5743,404848
636,139822779,jodynaa,6429,2537,71392
637,2520813871,RoweremPoWawie,767,94,828
638,582587729,horyzont_tvn24,2045,91,246
639,2755093329,dormaj19,56,799,3320
640,2353761697,FilippDM,1127,1275,10308
641,2893420870,K_Boronska,749,578,2134
642,2331787872,tvn24sport,33958,98,1
643,47912970,pkrasko,38241,239,2625
644,42649223,MediaTory,977,368,921
645,1150754412660441090,AraratMirzoyan,5242,62,5
646,1460683363799506961,w_fonfara,0,32,0
647,887068685176885248,PikeGrey1418,14438,2794,35755
648,3424447467,PBondaryk,892,1010,24257
649,1460615829389721607,CzWorku,0,45,20
650,1397307310540734465,jurewicz_patryk,0,16,0
651,2775891832,Joanna_Siekiera,1895,5002,8434
652,1460644077632958471,EvPalmowska,0,1,0
653,1115160931481325568,RODMwSzczecinie,641,2357,11084
654,1346906518940168201,Piotr_Sobilo,115,219,761
655,1283703879662804992,ustrojowe,26,118,1
656,1460636259731316737,piwowarczyk_M91,0,13,1
657,924902261951787008,Szkudmasz,942,2103,147883
658,837222569661116418,JagodaFryc,695,287,210
659,539029366,PLinPetersburg,1554,196,63
660,1460678505746862086,Kamil_Dz_,0,106,0
661,1292205032952258561,indigoobloom,183,339,8622
662,1460665432327823360,Marcinlodz93,0,7,0
663,2173714329,p_zuchowski,17475,648,20912
664,74126579,rponiatowski,6007,495,4445
665,49616273,globaltimesnews,1876714,528,279
666,1405628424325062657,GospoStrategie,87,367,163
667,470116073,WiktorKaslewicz,1313,4230,282940
668,1006622911598350336,JakubKumoch,8015,563,2351
669,1371790891376074758,Jan02662695,17,230,295
670,732279932294971396,StysKarol,1527,1565,34207
671,2830681900,Misiorro007,115,341,44835
672,1241670495990427648,InstytutG,307,1269,454
673,41777441,gibon102,14510,3857,66245
674,1454865721,marysiaorgan,6166,263,17935
675,718916004072570880,konrad_muzyka,5117,304,9096
676,785068044,SardarSattar,3088,3168,5305
677,43655581,mat_sosnowski,6657,583,6061
678,742143,BBCWorld,33525539,18,13
679,1148216138788155392,OCMediaorgru,696,339,33
680,1437383909390565383,BogdanStech,20,616,1891
681,39308549,DailyCaller,828868,7519,3583
682,539010491,_JakubJanda,37708,30532,1063
683,1199362679909031937,MeklerRafal,1240,2822,34386
684,831704563,FReporterow,1741,242,327
685,42230183,eldadbeck,7865,1446,7568
686,1460632349813747719,TAngerborn,0,1,0
687,3246550606,ALegucka,3999,3285,25998
688,1460657838100033543,MateuszMatysek7,0,2,0
689,1265924819515772929,PiotrOlexy,346,255,322
690,1428633484512436224,MarcinMor1990,4,106,56
691,1095691436924776449,Wojciechowski90,1195,3431,15281
692,933460743168647169,DoxaSlomski,612,5,1
693,1366511993616814083,marecki384,3,183,32
694,2972359499,kropka_hu,10563,1513,34860
695,1157654672620044288,bartek29599149,568,923,4062
696,19816088,BBCKasiaMadera,18057,6893,15355
697,1485429175,JSaryuszWolski,61395,2632,25362
698,1460681848326172678,Magdale47135810,0,38,0
699,1296133319810318338,nowylad,2880,169,250
700,3316498746,Kicius_The_Cat,412,874,28106
701,1460649900035780614,Magorza96259916,0,5,0
702,751343192180752384,DawidKamizela,1321,37,19299
703,3288653517,elamagott,1669,1736,323151
704,1234829250613645314,Piotr26486646,14,1463,2
705,526048046,PLinIrkutsk,1054,37,16
706,124783070,puls_biznesu,49438,41,2352
707,2872626171,Shilinabolan,2252,284,2159
708,1171000814858579968,IEuropy,2288,441,10020
709,838756087218196480,AndrzejWiniew18,69,1504,25949
710,434354264,SzotPawel,1559,753,1088
711,142072375,xRytel,11431,2223,25966
712,364162595,pawelblajer,10912,499,1378
713,737009122344882176,kosik_md,30433,713,44264
714,1376567819962355721,grom13k,6,277,962
715,289210875,RobertWinnicki,69206,2624,8107
716,49418720,AgaSzypielewicz,5653,6204,33251
717,3296722377,pani_annakk,217,2312,27716
718,1159575934300819456,john_krzyzaniak,930,469,2221
719,107946389,RMF24pl,148978,1073,5836
720,2929415074,Janowski_Pawel,1232,1875,43815
721,1315926798186745856,Patrycj69709847,1,42,0
722,23022687,tedcruz,4628654,5392,1266
723,3833918907,jan_xkowalski,250,281,34807
724,1375465275307520008,GracjanEmil,64,1762,982
725,958408776784252929,PZPNGrassroots,7400,621,5952
726,86394645,galopujacymajor,15138,1659,101493
727,1309372103699976194,Pretor82847446,1755,2720,1328
728,2573964627,bk_eider,1376,1193,5258
729,1188810104159834112,Bartosz47335846,567,2283,1903
730,947439716,artur_zawisza,10084,9486,10430
731,4340936249,Cukieras1,3,176,32
732,1460668089083871238,JolantaKonecka1,0,2,0
733,1460685157141295106,KamilaKa333,0,16,2
734,1460652120458379272,Domimek,0,13,0
735,949285657,WarszawaNM,5606,406,782
736,484760653,piotrarak,3873,2317,9091
737,705097573451882496,mkpieczynski,1138,1141,3967
738,1223082216,W_Kononczuk,3778,1249,7582
739,749247711791243264,p_czarnota,30,728,805
740,742154723382398980,BrewerEricM,3874,898,1424
741,1460665354070409221,Ola54004281,0,7,0
742,1100228362889555968,FarmerkaPL,1340,587,87666
743,1297127389441523712,AdamPiotrMicha1,39,1696,19
744,1399701653679489027,MSDG_IBiRM,20,104,248
745,415480824,lukaszdulniak,366,768,960
746,4158462227,labuszewska,4696,4968,48402
747,1156897065852657664,RauZbigniew,13261,1136,3131
748,22545453,RANDCorporation,217315,1411,4208
749,1056103936409657344,Niedzvvecky,1,78,57
750,357373108,z_lisiecki,337,546,5128
751,2252742886,WilkWojtekPCPM,2727,377,12603
752,1957610664,SamRamani2,25772,3235,7737
753,1460664588073111559,AkowskaEwelina,0,12,0
754,1863922867,lukasz_kulesa,2068,1610,383
755,1460652669018820612,Oliwia_516,0,29,1
756,1460648328631394313,Slawomir1987,0,22,0
757,993518281,dszeligowski,3201,319,594
758,947945549873012736,985dontrell,772,4596,12523
759,1460633164452446213,Mati_zupan,0,15,0
760,453753837,Polska_Zbrojna,24406,335,824
761,1327979006650626056,Byulee7,37,959,65313
762,589328300,jgotkowska,6544,2159,35918
763,358060222,KurierWilenski,1576,1095,1296
764,850302228858589185,zaynMalikKizak,2873,4996,49743
765,883066140691501056,bartosz_niklas,0,58,8
766,738292106016493568,StefanTompson,12395,687,16545
767,442610265,Kancelaria_BFP,850,519,2782
768,1460645706818064389,tomza_79,0,3,0
769,110922804,asiatimesonline,31907,541,100
770,32834819,sokoIowski,13373,1193,5130
771,1458822517,JacekAdamczyk5,681,1464,127352
772,368843388,parpgovpl,11841,551,924
773,64018532,WilhelminaWonka,2812,1906,4290
774,2980325200,Lester_pl,193,743,23058
775,808622858,KamilFrymark,747,1690,3705
776,1128023932056031234,StrategyFuture1,10497,205,4073
777,1387338608135311360,Pasternakowski,34,725,47065
778,1380309462,faisgp,953,59,7
779,2318910433,RadwanAnia,2102,1269,18071
780,2374403941,DeWilcz,3297,1117,7354
781,3207588214,eurasiadaily,3012,67,10
782,3003216328,jmonikowski,876,479,4689
783,756953311,sekowskis,4166,3093,19258
784,2709075523,BelinaPawel,143,1728,302
785,1460638270056980480,204marcin,0,2,1
786,804435792,CPRDiP,2721,615,904
787,3012785877,RobertGosz,305,976,44140
788,4829904913,NFZ_GOV_PL,40005,1012,8264
789,2958336849,TrompBK,1748,914,96582
790,1240608745815711745,RzecznikMSZ,6799,1080,8115
791,1460335756724080660,krol_Julianek,44,383,112
792,1460654987856465927,Raphael_Emiceu,1,178,0
793,1330492127839723520,Obserwa69997329,13,307,354
794,1097634348,medexpresspl,6717,907,1326
795,1460653572119478281,Jaki3334511,0,2,0
796,1409531910813065216,DlaNauka,205,1364,90
797,1460649727196905480,JaAnna84,0,11,0
798,1044518711204487168,Dan84775771,10,108,3320
799,177101260,Rainmaker1973,277465,306,2360
800,3503555476,toszczepalinski,36,821,7643
801,98935845,MaciekSankowski,6322,1940,1755
802,1039770069419606016,STH_Poland,8596,264,2238
803,778616626296025088,Amb_Francji,4023,189,2611
804,3025757015,Actu17,67220,5424,242
805,872191892,90sfootball,561940,904,49
806,1100076352999444480,PraweOczko,531,1776,343
807,1380114726357762052,JacekTokarski3,0,18,4900
808,3004051139,MetroWarszawa,3309,441,432
809,524122127,UmlandAndreas,15345,9974,22479
810,1035574436211122176,TomaszGrzywacz3,2563,1474,3523
811,1160801821,VirionM,8,920,1
812,1357032836,Tomek_Bojan,973,747,6912
813,902642636011524096,SprawnePanstwo,800,510,1471
814,803570979431743489,Grupa_PFR,10351,1200,2331
815,743718918930370560,MagazynTVN24,10517,8,2
816,2895795039,MSamojedny,483,646,12543
817,2209098386,JanSpiewak,33239,1414,57676
818,273993353,PISM_Poland,25265,2698,4384
819,1032245604687204352,PawlowskiPISM,391,692,704
820,3242182113,SlawomirMentzen,125978,762,2262
821,399667344,LUKASZKIJEK,6047,3513,3739
822,1381549693453402113,PawelBasiuk,272,5,48
823,843961716,lisieckipawel,13627,7753,28472
824,410151686,TomekDeptuch,2116,858,11006
825,1089399924,mfwasinski,635,854,1037
826,756899364,powrotroberta,16818,303,8295
827,708776672,GPytkowski,27,584,87
828,4252051227,MisztalWiktor,4359,3454,106754
829,60250768,LukaszJasina,7126,5392,19658
830,4901571095,Maciejevvski,6423,492,17449
831,3131253945,tvnmeteoactive,1528,0,0
832,1021392483312447490,Sebastian_ttmsz,123,2074,45852
833,3388977652,Ajatollah_MAP,726,212,16266
834,896182992149860354,Bozena04175955,25,127,925
835,3099971009,JakubPilarek,92,776,1488
836,2858370861,WarszawskaG,6247,1117,621
837,1251520101662232583,KDonfried,5872,70,297
838,952639892995047424,AxiosWorld,7211,183,14
839,2884803649,prywatnik,6381,339,1466
840,1262852462,M_Lapczynski,1434,1572,14139
841,2809837583,BrzezinskiMich,4535,1125,31331
842,1304910817830350854,mstxj,2,40,311
843,2601842426,ZgutEdit,3574,3678,3045
844,3928717763,bittner_philipp,832,4970,4233
845,1431329534,SlawomirBartman,467,1628,9695
846,1157678666337476612,Leyek4,5,451,1861
847,1460637217404170247,MagdGawin,0,41,0
848,953595684929921024,MRiTGOVPL,24807,662,4592
849,2561888746,MariuszWitkows6,12,456,229
850,1310512410973921282,Konrado09082802,905,3262,28650
851,596393050,dominikacosic,49018,3753,247967
852,386488890,jerzKwasniewski,17170,1002,11335
853,744938359521415172,ipp_instytut,165,316,864
854,426509366,OSW_eng,11569,178,411
855,3105464867,jola_szymanska,901,410,1580
856,1614572052,ZiobroPL,180355,182,359
857,2677863944,wio_waw_pl,3227,2955,205
858,1301421676106862595,LithuaniaHealth,759,152,844
859,360566845,RemigiuszWilk,2558,471,2262
860,1460655838918549506,IshiaM90,0,20,0
861,1460674969696886784,KateRose2803,0,1,0
862,828652352127266816,KolorHistorii,16553,167,3307
863,1460686056345460742,konrads1122,0,6,0
864,1457682269355773953,tinax6707,2,44,834
865,532209378,MChlebowski,577,802,816
866,834081637,beldzikowski,172,649,25847
867,790806417468952576,GUS_STAT,13435,497,782
868,47732772,majowski1959,3179,5001,265109
869,3010122803,Kaszubka_Polka,1152,1375,57839
870,5120691,wef,4047838,566,1786
871,1085948825259442176,marta_warhol,69,147,424
872,3579200721,MarcelGrauc,357,255,83273
873,3324744262,Mati_Chr,44,1903,844
874,1388170857198071811,EDKrakow,117,281,486
875,69649017,Skrzypenka,576,605,2522
876,1073461458,RepublikaTV,91436,796,2738
877,121174812,KropkaNadI,100480,1,3
878,2911713250,Krzysztof_8888,407,351,110467
879,987236107669655552,TheDeadDistrict,20677,407,4602
880,1196393326896984064,MWielomska,1153,286,204
881,824162556256415746,ImageSatIntl,34377,433,5
882,47295451,tvp_info,727236,1884,1092
883,166109668,EricWRandolph,4573,265,4202
884,887314105178226695,KUKE_pl,673,441,1738
885,1171598454,JerzyKwiecinski,8749,247,14360
886,2498935975,EUinRussia,13699,401,2512
887,1460686906103144449,JJ_Dzablonska84,0,3,0
888,1388587814296621059,Jacenty51437933,1084,2605,15757
889,1164215028,GGenowefa,6169,1059,7304
890,1082969444618567680,PaszkowskiArtur,37,435,21
891,811914014,brataczek,0,15,0
892,1460658703430991875,EGalikowska,0,1,0
893,366502956,TKulakowski,3396,751,5271
894,208439173,szosto,2139,699,5062
895,1239961987154575360,MuzeumAuschwitz,21728,812,1020
896,789303014192402432,StratSentinel,87118,727,3012
897,1350150750966603777,SecBlinken,989738,37,1
898,69513730,KonradPiasecki,521994,437,8104
899,193735706,rdcpolskieradio,6976,481,5079
900,1242505199735975940,mikolaj_kam,3717,217,5408
901,2276178979,ZaZdzislaw,684,328,92559
902,390528239,RZdzieborski,6,1530,1855
903,303770849,MilewskiP,1708,700,4469
904,882464599,KamilCaus,3311,1997,6398
905,1288811396411596800,ArtemSobolewski,32,180,1274
906,1386693362,jsuchecka,13334,1479,54127
907,255471924,mfa_russia,322998,1442,19230
908,2685129728,WojtekSol,160,910,2527
909,34675172,LukaszMezyk,35032,3661,12253
910,810522207470292992,MarcinCzaja6,38,1288,79
911,1631088998,COchmann,421,377,1342
912,625810721,1972tomek,24098,437,33
913,725940930243485696,wijassebastian,81,912,2165
914,2617131745,OrdoIuris,22786,1127,9172
915,101564798,sylvcz,13146,4677,21383
916,1460643259814928392,NicolaDaGrasso,0,9,0
917,387912773,_zboral,7038,973,51795
918,1460667769515646979,kowallskyya,0,5,0
919,886319299106918400,A_Zapalowski,1048,61,53
920,732668714,MWarsinski,2061,2538,9063
921,3351814421,LukasKobierski,4882,996,11949
922,1273290650654511106,LZinaslv,67,0,0
923,450997468,AndrzejNie1,126,975,1159
924,40208317,pzt3000,69,1196,7983
925,47909788,SznajderMichal_,11291,4459,16715
926,1460633343800877056,Syla08,0,37,0
927,2649331816,jetro514,118,320,19938
928,4928159349,wojciech_kempa,378,237,11113
929,366271171,marekosiecimski,1604,703,561
930,739917598687670273,M_Obludka,736,385,55678
931,1244394290031329280,Wanda99242896,232,529,31946
932,3131009243,PoplawskiKonrad,1204,523,1672
933,178068685,Jermukedgar,259,140,1
934,3001317612,liadosmo,785,424,3117
935,1060433318272028673,CzarnyWasyl,752,346,14457
936,778146288747642880,toteraz,1657,2,52
937,1011580159743414272,BrnoNewsCTV,1269,68,52
938,1460675356994805763,MarCzer30,0,72,13
939,1065305039684755457,Maciek58346163,2,488,1761
940,711994854532911104,Bemik62,400,716,41888
941,825065930757541888,milaniabbas,95334,72,408
942,575224231,ArekLanger,849,689,5199
943,994873611323396096,mjaloszynska,2782,774,6291
944,30839618,Brophyst,499,1497,10190
945,2373819493,rynekzdrowia,7596,1116,2018
946,1009153826,TDanelczyk,237,2434,2534
947,2479707517,Freedom_Games,1386,371,186
948,956024672,tomaawroblewski,39632,562,8716
949,246268494,tvnmeteo,10498,13,42
950,3331320021,faktyoswiecie,11473,39,86
951,483928153,pinstripedline,29522,1914,36824
952,901026611641843712,ljurczyszyn,705,1292,2322
953,1008795773222387713,WojtekBugala,48,448,16391
954,3289017041,czlowiek_bobr,42760,894,17399
955,732498590665310212,AndrzejOlkiewi,2540,2051,49083
956,1129477242,RozekTom,44888,1506,5975
957,61572443,tokudla,947,1815,3827
958,1102286328509677569,d_badalian,16,369,9199
959,1355588520610590721,PaulinaMalczew2,963,5004,138
960,462140276,MarcinMroczek1,45,384,5878
961,894611602728779777,tadekzd,374,23,46414
962,938884819605491712,Gosia34128968,1821,3443,117069
963,1080930811510177793,ola_kakol,88,644,10
964,1061248962378846208,Soreczka,168,131,8876
965,1147086046645161984,JadowitySsag,750,788,84171
966,1405697773257756683,KatarzynaStycz1,73,1995,5044
967,48361498,arletazalewska,30390,971,4172
968,4107939250,RALee85,46856,4017,5964
969,1380222068,DorotaBawolek,5232,967,2107
970,1081615099771670530,Marek_KRK,754,847,19686
971,782194772794540032,Jedrzej_Swider,510,1110,14882
972,189107134,euneighbours,10064,1435,6304
973,1093837139534639104,TredaFilip,3,215,140
974,2400524954,MateuszRojewski,520,415,3633
975,540619502,PLinKaliningrad,1047,141,471
976,708740047638564864,jarek_jakimczyk,1544,3427,12895
977,770939583525707776,GrzesikTomek,111,454,82852
978,1334778919048916993,MarkIT40578619,1,56,0
979,376435807,AliVaez,46717,1000,1841
980,1460684283249668107,martaKlepczyns1,0,56,0
981,3907645583,BGK_pl,3378,664,1722
982,1394317020829736965,fem_global,348,606,2218
983,1154431362,OFinansowy,9018,306,2122
984,748562238424883200,alaja_polska,7021,708,117060
985,3003870533,A_Traczyk,8901,2068,28112
986,1214655670781464576,JacekLiput,159,801,354
987,958157672,WpBartek,14,402,810
988,2374038568,RobertRakieta,1378,1229,308544
989,1247257665912426498,LeonPinczak,39,592,780
990,627406563,KPrzykorski,70,234,6347
991,414040939,JacekSiminskiAV,1158,1347,10881
992,455658811,KlubJagiellonsk,18747,586,2912
993,26281257,McKamnez,1843,504,70068
994,2201252858,Amb_Niemiec,9666,286,2189
995,883604269328453632,RemigiuszBak,333,2132,4645
996,1568063389,Straz_Graniczna,65359,100,956
997,216697571,mswierczynski1,8924,639,30472
998,1226624031367073793,ASBMilitary,42899,72,7164
999,1459165197713747970,AlbertS85898090,0,29,0
1000,1162662878832484353,RafalGrzelewski,313,526,1799
1001,703533129252925441,Macierewicz_A,154028,93,3228
1002,78250421,janniedzialek,1708,618,7463
1003,1005676985501343744,YolandaEdyta,480,1684,54044
1004,976042457371725825,FundOcalenie,8545,423,322
1005,4470511463,grzes88,1,144,3535
1006,1014073880896593920,DrPMarkiewicz,653,1888,11000
1007,384565400,TomaszTarasiuk,457,2137,75193
1008,4764442702,ChwaZapomnia,193,456,1402
1009,1032221626857869312,USAmbPoland,50660,175,18
1010,1095292026218823682,PolskaFairPlay,2872,111,241
1011,57626153,PremierRP,625578,665,1345
1012,966632763163111424,Krzysiek_Kolica,38,423,14313
1013,1460639975347736587,untrvstmee,1,114,3
1014,714719481856139265,MartaLokje,4567,1054,269752
1015,1252132942987567105,LPanstwowe,13431,2088,4252
1016,807742842961592321,TomaszMarkiewka,13,222,85
1017,851086872621101057,Trending_Taiwan,4748,651,1961
1018,15510768,beverstine,3738,989,2145
1019,794879539734315009,CzerwonePotwork,11744,803,103635
1020,1460646558274396162,kingodle,0,3,0
1021,1427227297740886018,SwietyT,0,12,0
1022,2885913327,InesAgnieszka,1254,4905,93802
1023,1215889920,MaciasCzarnecki,3376,968,3229
1024,96859379,pawelkowalpl,81448,1016,3333
1025,2383788666,PolsatNewsPL,136395,907,277
1026,844136511079559168,IndoPac_Info,75580,740,71601
1027,810424023024828416,Daniel_Zet_I,1214,1472,166101
1028,347738037,mMakowska,951,1630,2987
1029,135529058,lkwarzecha,112548,743,563
1030,866094224961359874,roman_makowiak,93,1383,1216
1031,1113741655260192769,ZygmuntowskiJ,4241,648,23331
1032,1460664200653688842,Lidia64264214,0,8,0
1033,788017095112003584,pikus_pol,51122,7232,106530
1034,1074480192,SenTedCruz,2288331,5597,523
1035,2361312302,JoannaGrn,134,612,2179
1036,3981622527,maciejtruszczy2,37,328,1737
1037,1460647169279631361,DebowskiKazik,0,8,0
1038,303675091,Stradi_PL,308,1406,34814
1039,1938838470,GabaSieczkowska,658,2230,4208
1040,19179390,gazeta_wyborcza,810201,584,14703
1041,93022923,demontazystka,664,371,19606
1042,2233694392,rafal_wojda,19094,399,22007
1043,945748589044813830,MateuszGibala,28,33,1848
1044,389938730,Gosc_Niedzielny,34715,805,471
1045,1443962550555758595,OloBolo80608142,0,3,0
1046,80676829,krzysztofbosak,265243,3381,54757
1047,2613856284,PGENarodowy,4955,307,1024
1048,1460676503801413636,julka_jp,0,29,0
1049,1371568222953213955,robbynoriega,88,587,6322
1050,1295403644146331653,GarbinoMicha,50,632,10905
1051,1411555148749586434,stremidlowski,87,108,675
1052,1310540356161802240,Suren72941319,0,14,161
1053,1255070768670683137,niedzielawarsz1,224,227,422
1054,134398560,bweglarczyk,379126,3286,42213
1055,1345464772414894082,PovidokE,410,502,32369
1056,507578667,JanStrzelecki,697,1521,6602
1057,278393598,MLiskiewicz,1852,2239,43883
1058,1460666796969803779,ChameraJanusz,0,1,0
1059,775644881830178816,paparchfoto,13710,1,7
1060,1460682155311435781,gonzoszwagier,0,35,0
1061,902305376862920704,w_lonelysoul,606,1249,18672
1062,938325822989131776,InfoSecurity_24,5610,164,2067
1063,3424151655,chichenitza55,248,234,11856
1064,142582201,tomaszmarcinw,867,693,2243
1065,1056588026007220224,Massimi42630935,7,288,121
1066,713422988142645248,StZaryn,19808,544,5206
1067,1458705047492210688,KrzysztofRKOff,3,21,162
1068,512517751,M_Gniazdowski,3179,802,12471
1069,2207250108,WeberMaciej,195,4345,1860
1070,363587532,KuczynskiG,11979,2060,37443
1071,1388943902,R_A_Ziemkiewicz,229990,327,3913
1072,783609656048574464,Jerzy_Kicinski,44,246,28760
1073,723162921212088320,AusAmbPoland,2378,475,8962
1074,53054655,NewsweekPolska,914695,67,2443
1075,3317169783,Gosia_Kuc,505,811,915
1076,830825832276975617,KuligWyporska,14,95,92
1077,185983999,MaciejDan,698,574,497
1078,1460641396956745731,annakuj47314041,0,4,0
1079,4389490942,EdytaPrzybylko,167,959,45285
1080,2306452739,rutkowski1PiS,4553,2183,79597
1081,499645383,rlesiecki,569,195,471
1082,855510938987966465,TListkiewicz,1986,1065,7282
1083,2313865992,swentol,5846,6417,1491
1084,1905258720,AgnieszkaBryc,2103,1937,10023
1085,1049889215515906049,CapitalistaPl,349,455,77787
1086,96009219,fundacjawosp,70824,418,6917
1087,2857408031,PBaltycki,1248,247,305
1088,968784742480076800,a_bachulska,1515,1807,3506
1089,944485922,Olka_Rach,739,692,9876
1090,1075715549953441792,Pawel_podroznik,21,1020,5167
1091,111219262,rusemb_pl,7017,551,1354
1092,1460666152678563841,sandran70750202,0,3,0
1093,571621112,HDCarrioner,1294,0,149
1094,101697887,NIKgovPL,35081,187,0
1095,2315763638,Rz_mwj,5523,2255,104782
1096,4469546073,PiotrW1966,11334,2500,14022
1097,187851097,DanielBockowski,551,546,8611
1098,918748782,ExpoDubai,617,226,0
1099,1200421768269307906,Izba_ZP,556,175,350
1100,1260527723530903556,WyborczaEnglish,1847,244,688
1101,2741475960,AlePogoda,21288,93,7620
1102,1460683312515661836,MarioFunaLee,0,7,5
1103,263074291,addisstandard,300691,2666,10269
1104,5402612,BBCBreaking,48439509,3,0
1105,844512359431450624,Policja_KSP,25352,104,1085
1106,1433699511629664281,muzeumdp,559,1629,24
1107,849987791761092611,czeska_polityka,1661,989,4561
1108,2375993738,BartlomiejGajos,1000,801,5153
1109,843017439952670720,MBudzisz2,7492,396,305
1110,829642415719985152,GK_PGNiG,3682,183,1372
1111,1237730680630624256,marxweber_73,737,3715,33361
1112,823253571487539204,andrzej196670,10677,3412,53161
1113,186747210,abojke,9359,394,3505
1114,3437770312,GrzegorzJanko12,15306,496,17739
1115,1460666420845596676,KorusMaria,0,54,0
1116,519404791,KacperRekawek,2973,788,4874
1117,96225945,norges14,21972,6278,93789
1118,1432437122812755970,tytusneuatomek,152,404,4990
1119,201873934,mkomsomolets,128651,53,26
1120,740989553960452096,CovertShores,56457,426,92230
1121,1465742617,MarcinKacperek,222,781,351
1122,3234106095,PNisztor,28676,1489,18860
1123,2215349072,logicznyX,11534,6187,31759
1124,987186482199834624,MastodontMarcin,0,132,5
1125,1460674521476775938,Anna46990758,0,4,0
1126,884021130151043072,Korabita,2853,159,2914
1127,144961364,mfxyz,642,466,1688
1128,972485819364790272,wipljw,7635,36,39
1129,807347090665906177,tomek_wyszynski,1375,1393,191524
1130,1460661444777816069,Krzyszt48891250,0,16,0
1131,2382264997,pkpcargo_media,3361,162,455
1132,1460641589416574986,suppapeter2,0,15,0
1133,1402221648623792132,joyofcookingpl,254,751,43
1134,33584794,googlenews,298099,14,104
1135,1523912785,BakhtarNA,33686,18,507
1136,404708920,StZerko,27538,721,59016
1137,1460569220140478466,Violett89800934,0,31,13
1138,1138913347531935746,1WBPanc,3834,199,2560
1139,1093510047605374976,KONFEDERACJA_,99428,607,21397
1140,81136269,MiddleEastMnt,167069,1385,430
1141,162049321,piotrzoc,1951,1275,5002
1142,1458097622028271621,nataliajazdz,0,18,29
1143,753315744700563456,nikt_99,313,215,20318
1144,303862998,PDChina,6891345,4342,1063
1145,1321872519431921666,Przemek65171163,99,2537,10527
1146,1460643571963506692,RobertLipski7,0,31,0
1147,338921863,Muzeum_Narodowe,14265,1258,4728
1148,793687710,St_Janecki,179121,550,1753
1149,1189084574,DziubekMarcin,50,727,8630
1150,753581007354331137,TVP3Warszawa,2169,370,2482
1151,2313755861,ADeshchytsia,85528,345,4194
1152,1087350542152683521,JBieleckiRz,1213,28,13
1153,1466843905,BiznesINTERIAPL,1792,923,309
1154,385506873,AgFilipiak,2674,1035,14512
1155,67580351,gazetaprawnapl,72161,448,296
1156,1460679001849188366,sylwiakornas,0,2,0
1157,2731609544,MacKucharczyk,1260,197,7819
1158,1460647048773091342,BarbaraKraszew1,0,9,0
1159,1063083302,SlawomirDebski,13270,1525,16570
1160,990510918,kwiatkowskanna,632,1197,4115
1161,1346147716305399811,BPM_KPRP,1739,202,360
1162,1332289642423603201,RuValdaitweets,220,10,31
1163,117028694,KingaBrudzinska,1097,3098,2117
1164,1138039593775878144,RzecznikPiS,12541,0,3144
1165,4449683481,michalkosiorek,114,585,9791
1166,1460659820533587974,Bartomi22493505,0,82,0
1167,809734490478313472,BeChmielewski,877,1417,26788
1168,149096517,m_slomczynski,10306,2014,6800
1169,4008009335,ZandbergRAZEM,128540,416,6226
1170,471096024,Molos123,3074,3728,32125
1171,1352876088884670464,KazmierczakPP,204,974,202
1172,814367737342328833,SecArmy,62093,1259,17452
1173,2575604424,HalinaOlejnicza,323,569,54391
1174,795967960628297728,FundacjaKurtyki,4358,865,7256
1175,1042362662,robert__mazurek,55,364,5863
1176,1319455280,PaulinaIzewicz,1081,152,3319
1177,302044069,chacinska,727,612,806
1178,1425555023598084105,Jakub85421280,14,247,756
1179,946143942151680000,ZbyszekKrak,2363,2116,350032
1180,1460657228214636557,NawrockaJustyna,0,17,1
1181,1262834401538424832,szymon_zyla,252,550,32138
1182,1460671024106721289,kacperogrande,0,14,0
1183,722084070453288962,budzynskiradek,165,295,7108
1184,4803889534,WnukowskiDamian,650,1105,70
1185,563910729,JacekStawiski,2346,1067,1194
1186,1300148035264172038,DamianMB11,13,1199,3
1187,561960550,Tditchy15,431,702,22625
1188,1460541444201058307,julekpoter,2,36,18
1189,7996082,el_pais,8195424,790,1956
1190,1460650493227806728,dszwoyi,0,19,0
1191,46383033,Iglatxt,1073,3001,8590
1192,889492893072850945,Marekwalkuski,12038,1006,1440
1193,78003706,LukaszOsinski,573,976,451
1194,129307325,krzysztof1985,576,616,76052
1195,620421132,DariuszMatecki,26225,3263,35215
1196,1460664557999906821,AOpinski,0,6,0
1197,1460651440339312648,AndrzejKubiak15,0,3,0
1198,1337048718814703616,EumeswilC,15,195,1348
1199,426585728,magrzegorczyk,27,612,234
1200,602030165,Renataniegula,89,868,13731
1201,964080840195149824,Ukladsil,4553,519,1890
1202,1460649849339138053,Grabka_,0,119,4
1203,773255886789804033,DAWargowski,538,537,9100
1204,2965521455,KsiadzFaria,45,631,3801
1205,294043227,RedMDuda,9885,2099,7787
1206,2308922372,mikolajczykm,128,1002,2383
1207,1512672710,aj_kohut,2119,712,3519
1208,1460636771386105858,seba4444102,0,4,0
1209,31037199,sbg1,207956,2917,17113
1210,68034431,RTErdogan,18107411,102,2
1211,854721896818126849,GeopoliticsMag,9978,1950,2045
1212,20104025,Sydney_Uni,85926,331,15948
1213,1460640444371640322,KrystynaPep,0,20,0
1214,2489888627,Pawrobel,1112,2088,4518
1215,738243667262066692,MarcinPietka1,1137,3579,60133
1216,1227505671639388160,UgurTutarTR,480,300,14511
1217,189663561,kurkowska_m,540,3496,3921
1218,715440270616182784,P_Lukasiewicz,5210,1073,2417
1219,1063076045811843078,jaroslawmg,241,735,20111
1220,3093606064,Kulesza_pl,42378,4057,10157
1221,951047508557524992,KMZalew,386,418,1748
1222,1460637613581295621,VIOLET20576726,0,7,0
1223,1272330881894670341,TechAmazing,214107,82,1783
1224,1460636705569058822,Karolin47532013,0,33,0
1225,1322286133,_Trader21_,26786,243,18
1226,280672239,Prosiecki,26242,3928,109
1227,366762493,WitoldCiesla,515,525,10251
1228,1129005821147471872,OFMPolska,289,313,181
1229,1347893108990758912,Fundacja_IPW,234,50,109
1230,218189019,prokophm,109,198,2688
1231,138709250,OSW_pl,19376,324,855
1232,169095724,cezarygmyz,172049,1499,990
1233,1318596387026722818,ArcachP,18,17,3
1234,1851797197,TFKrawczyk,2009,2267,27473
1235,1454687180,Hromadske,17391,155,1668
1236,403719715,brygida_grysiak,7499,486,1158
1237,3246576867,yarwack,432,1473,11475
1238,760087008358363136,Lukasz_Ogrodnik,715,1003,1154
1239,1153965247,Tosiakolat,2,7,0
1240,1173605815816728578,NWschod,69,101,180
1241,359188534,simongerman600,224983,213853,58102
1242,5988062,TheEconomist,25996795,137,154
1243,252759751,MalgorzataCM,875,861,5542
1244,1857677263,TZornaczuk,495,303,344
1245,1460673125876703235,ArkadiuszPawl78,0,57,0
1246,820050337574875136,ChaberYlva,1824,4435,228761
1247,1460654348401365000,PaweDraminski,0,12,0
1248,824100475473723392,MapPornTweet,63514,1703,28578
1249,199290168,warszawa,281142,179,13935
1250,196723599,Militarium,3248,288,2
1251,1419357493529088005,Ka_Szy_,4,132,217
1252,3757522876,Kajko33,35,372,3129
1253,3296940316,b_golabek,18,1404,33
1254,2715386767,Tomasz_Snarski,1312,1036,19420
1255,1210533322826366976,MalinabReal,1206,1253,39491
1256,944777492,KamilBortniczuk,16963,1097,10380
1257,833277234,eloblog_pl,359,47,523
1258,1142936544686346240,Michal_Pelka,144,745,1557
1259,1460635716132683783,dok_oski,0,68,0
1260,1428810438,Sz_Wisniewski,1605,787,2351
1261,474793137,MBildziukiewicz,1727,412,671
1262,40870308,Rybitzky,20307,5637,1971
1263,42717626,iggnacy,13649,1121,6297
1264,1460681217305718791,justyna_labuda,0,4,0
1265,393861620,RSzeremietiew,19652,700,1296
1266,3527277083,Lucky13Luke,305,164,6438
1267,1460660144086388744,olek_jacek,0,2,0
1268,144535752,Katowice1974,258,3687,68190
1269,1153752598241058817,A_Swidzinski,2778,344,3528
1270,1047788701,kuziemsky,2783,4619,54324
1271,1238180867866079233,Wojtek55156610,0,17,0
1272,1380168103846367234,The_Lookout_N,4737,413,3631
1273,1460638916973838338,marta79edi,0,3,0
1274,73190796,broken_maths,60,1466,953
1275,1169895636,lolobibok,23,1455,13
1276,1325876830952415233,pavelzielinski,110,1578,163
1277,1058316027724029952,Przybyszewski_L,596,1113,2157
1278,737382221166829568,tasz110,55,239,2227
1279,838443725839806466,estera_flieger,10630,2832,73851
1280,1402215730058309634,Marcon33806881,1,141,39
1281,1460631294967259140,Adam20685932,0,6,0
1282,589178831,chrzanicwszysko,3380,312,118318
1283,860446667711148033,wPolscepl,12903,758,3855
1284,1288569636078915590,maya_noculak,27,468,16068
1285,459133267,RadioWNET,14974,96,42
1286,469251331,wgospodarce,7962,596,1873
1287,1353889082460483584,LachowiczJakub,4,219,249
1288,760761161910460416,GDarkconrad,23675,2263,5698
1289,1401461602533228551,kaukaska,125,5,12
1290,1427974660394733574,Roman90533412,221,415,2320
1291,2910981227,P_Jaskolski,1,9,21
1292,1460661502072049668,CTkanin,0,32,0
1293,777866661420498944,DGPrawna,19455,105,978
1294,1314194575653625857,Sebasti16707230,1225,1395,92940
1295,921635772,PortalMorski,2123,407,231
1296,1313796279856750593,SprawdzamTVN24,3667,4,0
1297,158809114,ISzafranska,22498,1303,105988
1298,3785190741,Tash_Witk,19794,2000,639886
1299,1460668910118883343,umarta0,0,10,5
1300,106293742,grzegorzewskif,4275,254,989
1301,2243816364,MarcinPalade,57382,276,1
1302,917012391136825345,MiskoMarek,7598,408,5911
1303,1183089395714416642,Magorza06738003,1,38,5
1304,923141068631179264,AntoszPaulina86,709,5001,34674
1305,16624174,stavridisj,57759,478,42
1306,155559680,dzikuzly,13,506,46
1307,1188819164296859651,Barbara19275106,54,225,23964
1308,1460676413665816582,Macias9401,0,24,0
1309,1194154794753105920,PUznanska,315,648,2361
1310,1460674579416899596,KarolinaGodyla,0,15,0
1311,1460549136860827649,MalewskaUrszula,0,40,0
1312,111015789,PawelPurski,1905,607,7460
1313,1281885848984854528,pawelbialach,40,647,0
1314,17062849,tomstandage,27873,2598,32682
1315,1460680164023705601,Jasiubarca1899,0,48,1
1316,1473384877,kwasylewsky,4404,1847,11138
1317,1265333998160687104,perwersja_,1028,958,75957
1318,149208430,CoreyJung_22,82,604,1
1319,1102893420710952961,DebiecKrzysztof,570,713,1631
1320,1460649926938050560,Wiki_Patrzykat,0,22,0
1321,937768445973880833,Matthew00PL,994,2263,1276
1322,1084538791459721216,__mielczarek,1924,1474,19402
1323,2275532740,YoannaGB,1375,614,15379
1324,1028034809132711984,filberek,9,170,3
1325,1107256789375029248,HubertHurkacz,43120,78,762
1326,4205004713,SamnajT,4912,4678,46485
1327,2970365021,AldonaMachnow1,1581,365,2426
1328,1174330475609055233,Bartomi18500690,3,29,59
1329,2320140270,chrisclarkefly,2218,1125,10253
1330,500704345,Pontifex,18819402,8,0
1331,848472036,SteveMullUSA,59314,209,5892
1332,128197595,Eurosport_PL,76787,293,2957
1333,1347615012081299456,WorldEconAnalys,13,377,28
1334,121768165,andrewmichta,11710,400,5493
1335,882607848,BoguslawPacek,6365,847,11298
1336,3066214528,GSiemionczyk,5738,887,13377
1337,19784906,USIP,144197,2916,9462
1338,703612500345024512,piskorz_monika,2407,2329,69263
1339,3403023028,AgaCianciara,895,611,2327
1340,2570744274,ExpoPL,3421,1001,4066
1341,249109304,TakJestTVN24,14731,0,0
1342,4052004497,ZDM_Warszawa,9448,113,235
1343,19141018,verusj,540,798,3124
1344,1168314350,BartoszZurawicz,659,400,1725
1345,2716954026,PAH_org,5304,458,6965
1346,1149964108231524352,Anna85260958,642,772,70714
1347,1367015426203516931,Ignacio45043703,241,2591,520
1348,816323682096345088,dzej_loo,628,2508,101632
1349,2268681024,MariuszArent,78,274,1020
1350,1919784264,bartek2lp2,654,1736,569617
1351,834147350725718018,MrowickiRafal,2874,3791,109202
1352,925641636583010304,CAAUniLodz,556,400,776
1353,229547294,JakubHenricus,1018,3051,186320
1354,871334686244687873,LekichC,268,977,37929
1355,944327893009788928,ZChodowski,1446,1554,64167
1356,978494421011501056,DanielObajtek,40527,179,158
1357,190951865,KGPSP,13011,809,805
1358,227799049,jarwisniewski,2957,2336,33157
1359,59471783,patrycjuszwyzga,10844,2672,30700
1360,21114659,ForeignAffairs,817656,2003,552
1361,1460640858357878784,andrrekusyk,1,109,0
1362,919246321898401792,notesfrompoland,30850,204,1123
1363,1065356169353539590,synxchaosu,16556,222,1253
1364,1460678701021118481,Magdale76137060,0,2,0
1365,1020372388674965505,Tatromaniakpl,14771,107,1436
1366,537116215,BorkowskiTomasz,286,645,13459
1367,3231856968,wziolek_sj,4988,50,20467
1368,1053324106148524032,general_ben,8611,2310,5017
1369,774643040162050048,m_m_piotrowski,998,2732,17765
1370,3015393544,MattSe82,244,242,6480
1371,17682232,b_obermayer,48099,270,2221
1372,820621467423567872,Michal_Istel,362,87,428
1373,3511226595,tongbingxue,38728,383,1423
1374,126439345,Made_In_Poland_,67,1968,1838
1375,786889080189644802,Bacon227,3090,453,10087
1376,402641066,TeleexpressTVP,10142,432,363
1377,2978148933,EburyPL,180,160,177
1378,1388115547452329987,Agniesz82515635,39,69,2845
1379,1323899331494203392,Justyna198219,0,71,0
1380,1102876336987738113,Jan34733995,11273,1659,123069
1381,4894818729,jacek_protas,4663,4457,6318
1382,3447022577,J_Jakobowski,4815,1259,5341
1383,44715874,skorzynski,66079,1299,12582
1384,1377800274,a_niedzielski,43128,549,18707
1385,539604221,imaginmatrix,10612,887,176963
1386,1122577062966046723,PlusWarszawa,413,110,823
1387,1272876728025841664,koziol_sasza,126,349,1257
1388,39922594,Diplomat_APAC,189771,842,1405
1389,4363888697,e_dyta79,338,306,30243
1390,910383523114180614,podlaskaPolicja,7062,146,2387
1391,1138785552558374912,N2x35,513,77,353
1392,2387925043,szczesniak__a,18009,1469,18267
1393,88750384,jerzymoskala,141,378,4647
1394,4748122875,JaroslawDabrow4,179,4095,1105
1395,805021872580599808,janek_W1,17705,5015,284436
1396,831292963,MarekMenkiszak,6270,1430,11808
1397,348469637,AdamMalczak,3795,4996,18101
1398,319295066,KopalniaWiedzy,8987,3,875
1399,1332685069211869185,IusGentiumPL,181,775,842
1400,2260681322,Najwazniejsze,18680,10580,5057
1401,151385084,PatDWalter,812,727,1523
1402,2202144531,72_pawe,2839,2835,117789
1403,1053683959123591173,mappornru,6,0,0
1404,4849077525,PKugiel,766,285,4578
1405,125098765,faktypofaktach,54974,7,43
1406,937480214,JdrzejBkowski,8,337,173
1407,1046782611539066882,sady_przesady,1090,464,2551
1408,385352024,UWAGATVN,8379,209,207
1409,274326052,joannaplucinska,6344,6095,9914
1410,1901341021,FaktyTVN,201600,56,1377
1411,1238213651733139458,J62147265,75,1238,4838
1412,498892550,marcingabrys,697,3450,7603
1413,976481460944359429,Puls_Medycyny,4599,579,1488
1414,2849585997,WZ_UW,245,508,16
1415,1460637929244610572,KarolProchowicz,0,128,0
1416,1011698777223303168,ZStolicy,10803,2323,6136
1417,752507575531347968,Polak_I_Maly,342,456,37331
1418,1460648660484734986,Ania60747967,0,102,1
1419,839225633095966720,g_lakomski,1425,949,1083
1420,172343108,Kontakt__24,28751,19,5
1421,1038029969027424257,atomicarchive,21844,15,96
1422,788293581354196993,PPD_PISM,1053,231,108
1423,756226036560461824,MateuszKubiak_,1481,2243,2963
1424,1083495564409475072,Jakub93326795,20,173,706
1425,3098581371,K_Andrusz,754,680,1320
1426,38630618,ChathamHouse,233075,992,1836
1427,1460680306088894470,KrzysztofOsowi1,0,4,0
1428,1460650297894838279,GrzegorzMucha9,0,12,0
1429,1149770011302670337,10Brygada,725,17,4
1430,2596096416,GrzegorzWasiel1,1269,537,8637
1431,970275676409475072,MapPornAllNew,156,0,0
1432,1460637097694486532,Tomasz572,0,19,0
1433,703311379462266881,spacexcompl,2545,229,330
1434,4244023090,pawelziorko,1288,3357,3326
1435,1230402290248536065,BartGosc,13,139,427
1436,428140124,JulianRoepcke,75602,808,11943
1437,54356963,Radziejewski,12072,917,10982
1438,85289376,ICRC,2268251,1169,5784
1439,3028219306,BartosiakJacek,32202,1528,13849
1440,96355801,marcobreso,6975,1752,3746
1441,1427690786716635140,Kacper15015619,0,38,44
1442,1682783586,jakubwiech,23739,952,32018
1443,1460682198940532737,Roma572206311,0,68,0
1444,995909922301927429,PolChambers,288,387,158
1445,1353397735752261632,AmeliaKowalcz19,466,4060,564
1446,1407403802135830528,BartekPiekarsky,3422,913,4266
1447,18267548,AtlanticCouncil,155734,1839,8456
1448,510318968,MJPiatkowska,1343,904,1623
1449,25058787,KarlreMarks,190103,1160,5000
1450,924010244996550657,MP_Panek,958,993,75078
1451,1460643356090978310,KatarzynaKulcz6,0,26,0
1452,1460673877953110018,Mira02486231,0,6,0
1453,1168032628949311489,Bartlom10623167,0,707,2968
1454,1312910820,goltarr,5322,359,36678
1455,1154389918052958208,MSportowyRDC,561,189,6140
1456,1460633270849351684,BezDoswiadczen,0,9,1
1457,994861606973661184,robertneska,232,248,4017
1458,1183292969614532608,kierunekkaukaz,643,531,14799
1459,3537549496,jakubiak_marek,76538,1495,8468
1460,703230173672579072,PolskaPolicja,97454,100,63037
1461,1418924116577488900,AM_Nowak,19,94,4
